Date,Household_Size,Number_of_Meals_Prepared,Income_Level,Food_Type,Shelf_Life,Purchase_Quantity_kg,Consumed_Quantity_kg,Storage_Method,Amount_of_Waste_kg,Reason_for_Waste,Consumption_Ratio,Leftover_Flag,Household_Size_x_Meals,Waste_per_Meal
2025-01-03,1,6,High,Dairy,8,9.3,8.06,Room_Temperature,0.47,Not_eaten,0.8666666666666667,1,6,0.07833333333333332
2024-10-14,1,5,Low,Dairy,11,7.22,3.72,Room_Temperature,1.49,Overcooked,0.515235457063712,1,5,0.298
2024-12-29,2,4,Low,Grains,3,6.66,3.56,Refrigerated,1.91,Spoiled,0.5345345345345345,1,8,0.4775
2024-04-25,3,2,Medium,Dairy,9,4.09,3.02,Refrigerated,1.76,Overcooked,0.7383863080684597,1,6,0.88
2024-04-28,2,2,Low,Fruits,1,7.44,5.64,Room_Temperature,0.81,Not_eaten,0.7580645161290321,1,4,0.405
2024-06-21,2,3,Low,Vegetables,1,2.81,1.21,Frozen,0.72,Not_eaten,0.4306049822064057,1,6,0.24
2024-11-10,5,4,Low,Meat,11,1.96,1.25,Frozen,2.73,Overcooked,0.6377551020408163,1,20,0.6825
2024-10-10,3,6,Medium,Meat,13,6.72,4.97,Refrigerated,0.23,Not_eaten,0.7395833333333334,1,18,0.03833333333333334
2024-11-18,5,1,Medium,Meat,6,1.67,1.42,Frozen,1.67,Expired,0.8502994011976048,1,5,1.67
2024-05-26,3,3,High,Vegetables,10,3.29,1.31,Refrigerated,2.42,Not_eaten,0.3981762917933131,1,9,0.8066666666666666
2025-01-03,3,8,High,Dairy,13,9.1,0.12,Frozen,2.36,Spoiled,0.013186813186813187,1,24,0.295
2024-05-14,3,6,High,Fruits,2,0.66,0.42,Frozen,2.5,Expired,0.6363636363636364,1,18,0.4166666666666667
2024-11-09,5,7,High,Fruits,3,9.61,8.26,Room_Temperature,0.72,Expired,0.8595213319458898,1,35,0.10285714285714286
2024-08-31,1,2,High,Fruits,5,9.02,3.51,Frozen,2.46,Spoiled,0.3891352549889135,1,2,1.23
2024-10-09,5,2,Low,Dairy,2,9.9,4.48,Refrigerated,2.94,Expired,0.45252525252525255,1,10,1.47
2025-01-28,3,7,Low,Meat,12,0.94,0.71,Frozen,0.37,Spoiled,0.7553191489361702,1,21,0.05285714285714286
2024-04-14,4,5,High,Grains,10,1.13,0.14,Room_Temperature,2.9,Expired,0.12389380530973454,1,20,0.58
2025-02-22,4,9,High,Dairy,11,8.24,4.12,Refrigerated,0.91,Spoiled,0.5,1,36,0.10111111111111111
2024-06-09,5,8,High,Meat,4,8.06,3.28,Frozen,0.47,Spoiled,0.4069478908188585,1,40,0.05875
2024-06-05,4,8,Low,Dairy,6,6.21,0.44,Refrigerated,2.31,Not_eaten,0.07085346215780998,1,32,0.28875
2024-10-20,3,6,High,Meat,1,5.13,2.75,Refrigerated,1.59,Overcooked,0.5360623781676414,1,18,0.265
2025-03-01,1,2,Medium,Snacks,9,10.0,6.27,Refrigerated,0.53,Not_eaten,0.627,1,2,0.265
2024-07-08,4,9,Medium,Dairy,8,4.87,2.13,Refrigerated,0.59,Not_eaten,0.43737166324435317,1,36,0.06555555555555555
2024-04-04,5,9,High,Vegetables,2,7.27,2.59,Room_Temperature,0.26,Expired,0.3562585969738652,1,45,0.02888888888888889
2024-04-05,3,9,Medium,Fruits,13,9.27,0.17,Frozen,0.03,Not_eaten,0.018338727076591156,1,27,0.003333333333333333
2025-02-21,5,2,Medium,Snacks,1,8.05,0.57,Refrigerated,0.47,Not_eaten,0.07080745341614905,1,10,0.235
2024-06-06,3,4,Low,Meat,1,5.23,2.76,Room_Temperature,1.8,Expired,0.5277246653919693,1,12,0.45
2024-09-12,4,7,High,Grains,12,4.71,3.1,Room_Temperature,0.93,Spoiled,0.6581740976645436,1,28,0.13285714285714287
2024-11-21,5,7,Low,Meat,8,2.45,2.15,Room_Temperature,2.63,Not_eaten,0.8775510204081631,1,35,0.3757142857142857
2024-11-18,3,1,Medium,Dairy,5,5.55,3.27,Frozen,0.38,Expired,0.5891891891891892,1,3,0.38
2024-08-07,1,1,Low,Grains,4,3.85,3.3,Room_Temperature,2.91,Expired,0.8571428571428571,1,1,2.91
2025-02-04,1,6,High,Meat,13,8.36,4.77,Room_Temperature,1.74,Overcooked,0.5705741626794258,1,6,0.29
2024-11-22,4,5,High,Dairy,11,8.33,4.63,Refrigerated,1.57,Expired,0.5558223289315726,1,20,0.314
2025-01-28,1,8,Medium,Fruits,9,4.78,2.83,Frozen,0.06,Overcooked,0.5920502092050209,1,8,0.0075
2025-03-11,5,7,Low,Fruits,9,5.81,2.48,Refrigerated,2.55,Expired,0.4268502581755594,1,35,0.36428571428571427
2025-02-28,4,2,High,Fruits,3,8.43,7.16,Frozen,0.12,Spoiled,0.8493475682087782,1,8,0.06
2024-06-05,1,2,Medium,Meat,11,7.53,5.8,Room_Temperature,1.71,Overcooked,0.7702523240371846,1,2,0.855
2024-05-26,4,8,Medium,Meat,9,9.76,3.37,Refrigerated,1.65,Spoiled,0.3452868852459017,1,32,0.20625
2024-12-08,4,7,High,Vegetables,8,5.66,5.17,Room_Temperature,1.23,Not_eaten,0.9134275618374558,1,28,0.1757142857142857
2024-05-07,4,8,Low,Snacks,8,7.01,5.75,Room_Temperature,0.55,Overcooked,0.8202567760342369,1,32,0.06875
2024-12-01,2,4,Low,Vegetables,1,9.62,4.89,Frozen,2.72,Overcooked,0.5083160083160083,1,8,0.68
2024-08-16,5,1,Medium,Grains,13,7.1,1.26,Refrigerated,1.51,Spoiled,0.17746478873239438,1,5,1.51
2024-08-30,3,9,Low,Grains,3,8.7,6.94,Room_Temperature,1.28,Not_eaten,0.7977011494252875,1,27,0.14222222222222222
2025-01-01,5,6,Low,Grains,9,8.32,1.16,Frozen,2.56,Spoiled,0.1394230769230769,1,30,0.4266666666666667
2024-05-08,4,2,Low,Meat,6,5.53,2.0,Frozen,1.47,Spoiled,0.3616636528028933,1,8,0.735
2024-03-24,1,9,Low,Snacks,4,7.36,5.2,Refrigerated,0.25,Not_eaten,0.7065217391304348,1,9,0.027777777777777776
2024-05-14,1,1,Low,Vegetables,9,6.94,4.78,Room_Temperature,0.86,Spoiled,0.6887608069164265,1,1,0.86
2025-01-24,1,6,Low,Fruits,5,3.82,2.79,Frozen,1.79,Not_eaten,0.7303664921465969,1,6,0.29833333333333334
2024-07-13,1,5,High,Grains,5,7.7,4.18,Room_Temperature,2.29,Expired,0.5428571428571428,1,5,0.458
2024-09-27,3,5,Medium,Vegetables,7,7.38,2.82,Frozen,2.64,Expired,0.38211382113821135,1,15,0.528
2024-05-12,5,3,Low,Snacks,9,4.65,2.37,Frozen,2.78,Not_eaten,0.5096774193548387,1,15,0.9266666666666666
2025-02-24,2,2,High,Vegetables,12,5.85,4.31,Room_Temperature,1.36,Spoiled,0.7367521367521367,1,4,0.68
2024-06-05,4,6,Low,Dairy,11,1.06,0.95,Frozen,1.94,Overcooked,0.8962264150943395,1,24,0.3233333333333333
2024-09-11,3,8,Medium,Grains,7,6.06,2.48,Room_Temperature,1.02,Expired,0.40924092409240925,1,24,0.1275
2024-04-21,4,4,Medium,Vegetables,13,8.9,7.76,Frozen,1.42,Overcooked,0.8719101123595505,1,16,0.355
2024-05-21,2,4,Medium,Dairy,1,1.89,1.31,Frozen,0.04,Not_eaten,0.6931216931216931,1,8,0.01
2024-07-24,1,4,High,Snacks,3,4.29,0.3,Room_Temperature,1.8,Overcooked,0.06993006993006992,1,4,0.45
2024-08-27,4,7,Low,Fruits,3,6.09,2.98,Refrigerated,1.23,Overcooked,0.48932676518883417,1,28,0.1757142857142857
2024-07-07,4,1,High,Vegetables,1,7.34,4.08,Room_Temperature,1.78,Not_eaten,0.555858310626703,1,4,1.78
2024-05-02,5,8,High,Snacks,5,8.32,0.77,Room_Temperature,2.64,Spoiled,0.09254807692307693,1,40,0.33
2024-07-29,5,2,High,Vegetables,2,7.73,5.25,Room_Temperature,0.45,Spoiled,0.6791720569210866,1,10,0.225
2025-03-02,3,9,Low,Meat,3,9.65,3.27,Frozen,1.75,Spoiled,0.338860103626943,1,27,0.19444444444444445
2024-09-26,1,4,Medium,Fruits,10,6.96,0.81,Refrigerated,1.93,Expired,0.1163793103448276,1,4,0.4825
2024-03-31,4,8,Medium,Vegetables,2,8.41,4.17,Room_Temperature,2.7,Not_eaten,0.49583828775267536,1,32,0.3375
2024-12-17,1,4,Low,Dairy,1,8.28,2.52,Frozen,1.42,Not_eaten,0.30434782608695654,1,4,0.355
2025-03-10,4,7,Medium,Fruits,12,1.85,0.11,Frozen,2.6,Expired,0.059459459459459456,1,28,0.37142857142857144
2024-11-10,1,8,High,Vegetables,1,8.77,2.08,Refrigerated,0.51,Not_eaten,0.23717217787913342,1,8,0.06375
2024-04-19,3,5,High,Fruits,5,9.53,5.44,Frozen,0.55,Spoiled,0.5708289611752362,1,15,0.11000000000000001
2024-04-11,1,4,High,Meat,6,7.43,6.11,Refrigerated,0.29,Not_eaten,0.8223418573351279,1,4,0.0725
2024-12-17,1,2,Medium,Fruits,10,8.0,3.85,Room_Temperature,1.88,Spoiled,0.48125,1,2,0.94
2024-10-13,4,4,Medium,Vegetables,11,3.23,2.52,Refrigerated,1.24,Not_eaten,0.7801857585139319,1,16,0.31
2024-08-09,4,8,High,Snacks,2,8.66,2.02,Frozen,0.11,Spoiled,0.23325635103926096,1,32,0.01375
2024-07-06,2,7,Medium,Grains,8,9.78,2.97,Frozen,0.89,Expired,0.30368098159509205,1,14,0.12714285714285714
2024-11-22,4,9,High,Snacks,9,7.69,5.97,Refrigerated,1.79,Overcooked,0.7763328998699609,1,36,0.1988888888888889
2024-07-19,2,8,High,Vegetables,5,8.29,1.4,Refrigerated,2.6,Expired,0.16887816646562123,1,16,0.325
2024-07-24,2,9,High,Meat,8,9.63,2.21,Refrigerated,2.78,Overcooked,0.22949117341640704,1,18,0.3088888888888889
2025-02-20,3,8,Low,Fruits,12,3.72,0.77,Frozen,0.19,Expired,0.20698924731182794,1,24,0.02375
2024-11-10,4,1,Low,Snacks,5,3.8,2.2,Refrigerated,0.8,Spoiled,0.5789473684210527,1,4,0.8
2025-03-22,5,6,Low,Dairy,5,9.98,1.85,Refrigerated,0.34,Spoiled,0.18537074148296592,1,30,0.05666666666666667
2024-11-27,3,4,Medium,Snacks,2,6.08,6.05,Room_Temperature,1.99,Spoiled,0.9950657894736842,1,12,0.4975
2024-12-31,4,7,High,Fruits,9,5.77,5.34,Room_Temperature,1.06,Spoiled,0.9254766031195841,1,28,0.15142857142857144
2024-07-17,2,6,Medium,Grains,10,9.16,5.59,Refrigerated,1.89,Overcooked,0.6102620087336245,1,12,0.315
2024-05-15,4,1,Medium,Grains,5,9.56,3.78,Room_Temperature,1.56,Overcooked,0.3953974895397489,1,4,1.56
2025-01-30,1,9,Medium,Snacks,3,7.32,5.91,Frozen,2.92,Overcooked,0.8073770491803278,1,9,0.3244444444444444
2024-04-24,5,7,High,Fruits,6,2.22,1.8,Room_Temperature,2.25,Spoiled,0.8108108108108107,1,35,0.32142857142857145
2024-10-22,3,8,High,Vegetables,1,4.11,2.77,Refrigerated,2.15,Expired,0.6739659367396593,1,24,0.26875
2025-01-29,1,6,High,Dairy,2,7.02,3.87,Frozen,2.87,Not_eaten,0.5512820512820513,1,6,0.47833333333333333
2024-08-25,5,6,Medium,Vegetables,11,7.02,3.75,Frozen,1.4,Expired,0.5341880341880342,1,30,0.2333333333333333
2024-12-21,1,1,Low,Fruits,2,8.28,8.2,Refrigerated,0.56,Expired,0.9903381642512077,1,1,0.56
2024-12-02,1,6,High,Snacks,6,9.95,8.15,Refrigerated,2.69,Not_eaten,0.8190954773869348,1,6,0.4483333333333333
2024-07-31,1,4,High,Snacks,10,9.8,8.93,Refrigerated,0.53,Overcooked,0.9112244897959183,1,4,0.1325
2025-03-08,1,3,Medium,Meat,2,9.6,4.44,Refrigerated,0.05,Expired,0.4625000000000001,1,3,0.016666666666666666
2024-05-06,4,5,High,Meat,1,8.38,6.27,Refrigerated,1.61,Spoiled,0.7482100238663483,1,20,0.322
2024-03-25,1,7,Medium,Dairy,9,8.34,3.76,Room_Temperature,2.03,Expired,0.45083932853717024,1,7,0.29
2024-07-27,5,7,Low,Vegetables,13,9.83,8.96,Refrigerated,0.28,Expired,0.9114954221770092,1,35,0.04
2024-07-16,1,3,Medium,Meat,12,5.15,4.87,Frozen,0.04,Spoiled,0.945631067961165,1,3,0.013333333333333334
2025-02-14,4,4,Medium,Snacks,13,9.98,6.16,Room_Temperature,0.63,Not_eaten,0.6172344689378757,1,16,0.1575
2024-11-25,4,1,Medium,Fruits,13,3.59,3.03,Room_Temperature,0.39,Not_eaten,0.8440111420612814,1,4,0.39
2024-04-17,4,8,Low,Meat,10,3.94,2.93,Room_Temperature,1.52,Expired,0.7436548223350254,1,32,0.19
2024-03-27,1,5,Low,Dairy,10,5.1,2.41,Frozen,2.24,Expired,0.4725490196078432,1,5,0.44800000000000006
2024-12-15,3,3,High,Snacks,6,7.68,5.11,Refrigerated,1.16,Expired,0.6653645833333334,1,9,0.38666666666666666
2024-09-10,3,9,High,Vegetables,10,4.59,0.62,Room_Temperature,1.43,Expired,0.13507625272331156,1,27,0.15888888888888889
2024-07-09,1,7,Low,Fruits,8,8.22,3.94,Refrigerated,2.84,Overcooked,0.4793187347931873,1,7,0.4057142857142857
2025-02-23,3,2,Medium,Fruits,9,3.3,1.61,Refrigerated,0.81,Not_eaten,0.4878787878787879,1,6,0.405
2024-05-19,1,1,High,Vegetables,6,9.87,6.3,Frozen,0.54,Not_eaten,0.6382978723404256,1,1,0.54
2024-07-22,1,7,High,Vegetables,8,7.75,3.85,Refrigerated,2.38,Spoiled,0.4967741935483871,1,7,0.33999999999999997
2024-12-20,3,5,High,Vegetables,4,6.27,4.59,Frozen,2.86,Spoiled,0.7320574162679426,1,15,0.572
2025-01-22,2,2,High,Snacks,8,1.96,1.73,Refrigerated,0.37,Spoiled,0.8826530612244898,1,4,0.185
2024-11-30,2,5,High,Vegetables,4,9.8,6.99,Refrigerated,1.44,Overcooked,0.713265306122449,1,10,0.288
2025-01-25,4,1,Medium,Meat,3,8.66,6.07,Frozen,2.4,Spoiled,0.7009237875288684,1,4,2.4
2024-05-02,4,8,Medium,Fruits,7,7.19,5.19,Room_Temperature,0.16,Spoiled,0.721835883171071,1,32,0.02
2024-09-22,1,4,High,Fruits,12,5.16,4.63,Refrigerated,1.46,Expired,0.8972868217054263,1,4,0.365
2024-04-14,5,8,Low,Vegetables,8,0.57,0.19,Frozen,1.95,Overcooked,0.33333333333333337,1,40,0.24375
2025-01-11,5,6,High,Dairy,1,6.77,6.54,Room_Temperature,2.37,Spoiled,0.9660265878877401,1,30,0.395
2024-06-14,4,1,High,Vegetables,9,9.02,6.91,Refrigerated,0.93,Expired,0.7660753880266076,1,4,0.93
2024-10-29,2,8,Medium,Dairy,8,5.44,5.12,Frozen,0.23,Not_eaten,0.9411764705882353,1,16,0.02875
2024-05-20,3,6,Medium,Snacks,3,8.17,4.97,Room_Temperature,0.97,Expired,0.6083231334149326,1,18,0.16166666666666665
2025-01-03,5,4,Medium,Grains,7,9.63,6.89,Frozen,2.14,Spoiled,0.7154724818276219,1,20,0.535
2024-12-07,4,7,Medium,Meat,8,6.5,4.32,Refrigerated,2.58,Not_eaten,0.6646153846153846,1,28,0.3685714285714286
2024-06-24,3,5,Low,Fruits,13,8.96,4.39,Room_Temperature,1.95,Spoiled,0.48995535714285704,1,15,0.39
2024-07-04,2,4,Medium,Meat,12,2.0,0.75,Frozen,0.12,Spoiled,0.375,1,8,0.03
2024-08-14,3,2,Medium,Grains,6,2.17,1.41,Room_Temperature,1.76,Overcooked,0.6497695852534562,1,6,0.88
2025-03-07,1,4,Low,Snacks,7,4.13,1.47,Frozen,1.0,Overcooked,0.3559322033898305,1,4,0.25
2024-09-02,5,5,Low,Vegetables,8,8.92,3.24,Frozen,1.58,Overcooked,0.36322869955156956,1,25,0.316
2025-02-10,1,9,High,Grains,9,6.93,2.28,Room_Temperature,2.78,Not_eaten,0.32900432900432897,1,9,0.3088888888888889
2024-03-28,2,4,Low,Grains,13,9.74,4.4,Refrigerated,0.79,Spoiled,0.45174537987679675,1,8,0.1975
2025-03-16,4,4,Medium,Snacks,7,5.92,1.51,Refrigerated,0.38,Not_eaten,0.2550675675675676,1,16,0.095
2024-09-05,2,4,High,Grains,11,4.06,3.53,Frozen,1.49,Expired,0.8694581280788177,1,8,0.3725
2024-05-01,4,7,Low,Fruits,12,8.9,7.33,Refrigerated,0.29,Spoiled,0.8235955056179775,1,28,0.041428571428571426
2024-09-13,2,5,Low,Dairy,3,4.18,3.35,Room_Temperature,1.01,Not_eaten,0.8014354066985647,1,10,0.202
2025-02-06,2,5,Low,Vegetables,10,5.28,3.81,Refrigerated,2.15,Overcooked,0.7215909090909091,1,10,0.43
2024-04-24,2,7,Low,Grains,6,9.34,3.93,Room_Temperature,0.46,Overcooked,0.4207708779443255,1,14,0.06571428571428571
2025-03-18,4,6,Low,Vegetables,5,9.98,0.6,Refrigerated,2.13,Expired,0.06012024048096192,1,24,0.355
2025-02-18,1,2,Low,Meat,10,5.06,2.33,Frozen,0.04,Expired,0.4604743083003953,1,2,0.02
2024-08-12,3,1,Medium,Grains,7,8.96,5.06,Room_Temperature,2.26,Spoiled,0.5647321428571428,1,3,2.26
2024-06-23,1,8,Medium,Snacks,8,8.88,2.16,Frozen,2.54,Overcooked,0.24324324324324323,1,8,0.3175
2024-08-12,4,6,High,Vegetables,6,6.21,1.75,Refrigerated,2.17,Overcooked,0.28180354267310787,1,24,0.36166666666666664
2024-04-20,4,2,Medium,Fruits,13,5.72,2.66,Frozen,0.02,Not_eaten,0.46503496503496505,1,8,0.01
2024-06-15,2,7,Medium,Meat,6,8.13,5.5,Refrigerated,0.82,Not_eaten,0.6765067650676506,1,14,0.11714285714285713
2024-05-18,5,4,High,Grains,6,9.05,1.83,Refrigerated,2.93,Not_eaten,0.2022099447513812,1,20,0.7325
2024-10-12,3,8,Medium,Dairy,3,1.02,0.54,Refrigerated,2.79,Expired,0.5294117647058824,1,24,0.34875
2024-07-08,1,9,Low,Fruits,3,6.97,5.29,Room_Temperature,1.54,Spoiled,0.7589670014347203,1,9,0.1711111111111111
2024-12-04,2,8,High,Dairy,10,8.32,1.74,Frozen,2.17,Expired,0.20913461538461536,1,16,0.27125
2024-05-21,3,8,High,Fruits,11,9.45,2.68,Room_Temperature,1.37,Not_eaten,0.2835978835978836,1,24,0.17125
2024-10-03,5,7,High,Vegetables,13,8.98,5.0,Refrigerated,1.38,Spoiled,0.5567928730512249,1,35,0.19714285714285712
2024-08-13,2,4,High,Vegetables,8,8.3,6.46,Room_Temperature,0.15,Spoiled,0.7783132530120481,1,8,0.0375
2024-06-06,4,6,High,Meat,9,6.55,4.35,Frozen,1.16,Not_eaten,0.6641221374045801,1,24,0.19333333333333333
2024-03-27,3,3,Low,Snacks,1,9.18,1.98,Frozen,2.09,Overcooked,0.21568627450980393,1,9,0.6966666666666667
2024-06-27,4,1,Medium,Meat,7,7.4,5.48,Refrigerated,1.56,Not_eaten,0.7405405405405405,1,4,1.56
2024-10-23,4,3,High,Meat,7,3.52,2.22,Frozen,2.66,Expired,0.6306818181818182,1,12,0.8866666666666667
2024-05-11,4,1,High,Vegetables,3,5.95,3.97,Room_Temperature,2.29,Spoiled,0.6672268907563025,1,4,2.29
2024-05-05,5,4,Low,Dairy,4,3.2,3.16,Refrigerated,1.77,Overcooked,0.9875,1,20,0.4425
2024-05-30,2,4,Medium,Snacks,2,9.58,8.0,Room_Temperature,0.49,Spoiled,0.8350730688935282,1,8,0.1225
2025-02-10,3,4,High,Meat,5,7.31,3.82,Room_Temperature,2.74,Expired,0.5225718194254446,1,12,0.685
2025-03-02,3,7,Medium,Vegetables,10,9.13,1.27,Refrigerated,0.52,Not_eaten,0.13910186199342825,1,21,0.07428571428571429
2024-10-26,1,6,Low,Grains,13,9.95,7.09,Room_Temperature,2.4,Not_eaten,0.7125628140703518,1,6,0.39999999999999997
2024-06-04,1,3,Low,Snacks,4,5.47,3.45,Refrigerated,0.02,Not_eaten,0.6307129798903108,1,3,0.006666666666666667
2024-12-02,5,1,Low,Fruits,9,7.65,1.14,Refrigerated,2.01,Overcooked,0.14901960784313723,1,5,2.01
2024-11-01,1,7,Medium,Meat,3,7.59,0.22,Refrigerated,1.94,Expired,0.028985507246376812,1,7,0.27714285714285714
2024-04-07,1,2,Medium,Dairy,8,3.68,3.01,Room_Temperature,1.97,Spoiled,0.8179347826086956,1,2,0.985
2024-05-09,1,3,High,Dairy,8,6.06,0.91,Room_Temperature,2.53,Overcooked,0.15016501650165018,1,3,0.8433333333333333
2024-12-15,3,6,Low,Meat,11,8.21,2.49,Room_Temperature,0.39,Expired,0.3032886723507917,1,18,0.065
2025-02-27,2,6,Low,Grains,11,8.18,6.09,Frozen,0.67,Spoiled,0.7444987775061125,1,12,0.11166666666666668
2024-08-22,5,5,Medium,Fruits,9,8.32,6.16,Frozen,0.71,Spoiled,0.7403846153846154,1,25,0.142
2024-08-11,3,5,High,Fruits,4,6.98,3.84,Refrigerated,1.39,Expired,0.5501432664756446,1,15,0.27799999999999997
2024-06-27,3,7,High,Grains,7,5.59,3.2,Refrigerated,1.36,Overcooked,0.5724508050089446,1,21,0.1942857142857143
2024-06-08,4,3,Low,Snacks,9,9.04,4.73,Frozen,1.99,Spoiled,0.5232300884955753,1,12,0.6633333333333333
2024-04-22,3,3,Medium,Snacks,9,3.64,3.03,Room_Temperature,0.48,Expired,0.8324175824175823,1,9,0.16
2024-06-21,2,6,Low,Vegetables,6,4.93,1.05,Room_Temperature,1.22,Expired,0.2129817444219067,1,12,0.20333333333333334
2024-09-16,2,4,High,Snacks,13,5.48,1.34,Refrigerated,0.5,Not_eaten,0.24452554744525548,1,8,0.125
2024-04-23,3,2,High,Fruits,6,9.53,5.63,Refrigerated,2.43,Expired,0.590766002098636,1,6,1.215
2024-05-15,4,9,Low,Meat,1,9.48,4.81,Refrigerated,2.82,Expired,0.5073839662447257,1,36,0.3133333333333333
2024-09-19,3,6,Low,Snacks,7,1.88,1.58,Frozen,2.09,Overcooked,0.8404255319148937,1,18,0.34833333333333333
2024-11-20,2,4,High,Fruits,2,4.07,3.64,Refrigerated,1.84,Expired,0.8943488943488943,1,8,0.46
2024-07-27,4,7,Medium,Snacks,4,9.31,3.62,Room_Temperature,0.7,Spoiled,0.38882921589688507,1,28,0.09999999999999999
2024-05-11,2,6,Medium,Fruits,3,8.13,0.73,Room_Temperature,0.58,Overcooked,0.08979089790897908,1,12,0.09666666666666666
2024-12-23,4,9,High,Fruits,9,4.31,2.03,Refrigerated,2.48,Spoiled,0.4709976798143852,1,36,0.27555555555555555
2025-01-27,4,3,Medium,Dairy,6,6.42,3.41,Frozen,0.17,Overcooked,0.5311526479750779,1,12,0.05666666666666667
2024-09-30,3,6,Low,Fruits,13,4.94,3.69,Room_Temperature,2.09,Spoiled,0.7469635627530363,1,18,0.34833333333333333
2024-07-15,1,7,Low,Vegetables,13,9.82,9.0,Refrigerated,2.03,Spoiled,0.9164969450101833,1,7,0.29
2024-05-15,3,7,Medium,Fruits,9,3.72,0.63,Room_Temperature,2.2,Not_eaten,0.1693548387096774,1,21,0.31428571428571433
2024-11-28,1,8,Medium,Vegetables,13,8.44,0.68,Room_Temperature,1.98,Not_eaten,0.08056872037914693,1,8,0.2475
2024-12-30,5,2,High,Dairy,2,1.33,0.6,Frozen,0.42,Expired,0.45112781954887216,1,10,0.21
2024-07-30,4,1,Medium,Dairy,10,8.98,7.91,Room_Temperature,0.29,Not_eaten,0.8808463251670379,1,4,0.29
2024-03-25,1,1,High,Meat,3,8.47,5.52,Refrigerated,2.38,Overcooked,0.6517119244391971,1,1,2.38
2024-05-20,5,4,High,Meat,6,7.89,2.24,Room_Temperature,2.24,Expired,0.2839036755386566,1,20,0.56
2025-01-13,2,6,Low,Fruits,3,7.17,1.5,Frozen,2.45,Overcooked,0.20920502092050208,1,12,0.4083333333333334
2024-09-02,1,6,High,Fruits,10,4.29,2.01,Refrigerated,1.64,Not_eaten,0.4685314685314685,1,6,0.2733333333333333
2024-10-10,5,9,Low,Snacks,9,7.0,5.01,Frozen,0.26,Spoiled,0.7157142857142856,1,45,0.02888888888888889
2025-01-12,2,7,High,Fruits,3,4.37,1.34,Refrigerated,2.36,Not_eaten,0.30663615560640733,1,14,0.33714285714285713
2025-03-17,1,1,Medium,Meat,5,1.82,1.32,Frozen,0.35,Expired,0.7252747252747253,1,1,0.35
2024-11-09,5,7,Low,Grains,7,7.05,3.5,Frozen,0.4,Not_eaten,0.49645390070921985,1,35,0.05714285714285715
2024-06-21,1,4,High,Grains,6,7.57,7.08,Frozen,1.44,Overcooked,0.9352708058124174,1,4,0.36
2024-11-11,5,5,High,Vegetables,2,6.61,0.43,Frozen,1.72,Spoiled,0.06505295007564296,1,25,0.344
2024-06-11,4,4,High,Dairy,6,9.95,0.85,Refrigerated,0.64,Overcooked,0.08542713567839197,1,16,0.16
2024-10-18,5,3,Low,Dairy,1,7.2,5.57,Frozen,2.49,Expired,0.7736111111111111,1,15,0.8300000000000001
2024-04-14,2,4,Medium,Grains,7,9.99,7.12,Room_Temperature,0.35,Not_eaten,0.7127127127127127,1,8,0.0875
2024-04-26,5,9,Medium,Meat,13,7.12,0.33,Refrigerated,0.31,Overcooked,0.046348314606741575,1,45,0.034444444444444444
2025-03-22,5,2,Medium,Fruits,11,2.9,2.19,Room_Temperature,0.09,Expired,0.7551724137931034,1,10,0.045
2025-02-03,3,1,Low,Grains,9,4.32,1.13,Refrigerated,0.9,Overcooked,0.261574074074074,1,3,0.9
2024-11-06,1,4,Low,Grains,13,4.25,1.53,Refrigerated,0.54,Overcooked,0.36,1,4,0.135
2024-08-27,5,1,Medium,Grains,10,6.92,4.41,Frozen,1.97,Not_eaten,0.6372832369942196,1,5,1.97
2024-09-09,2,9,Low,Vegetables,9,6.12,3.57,Refrigerated,1.01,Not_eaten,0.5833333333333333,1,18,0.11222222222222222
2024-09-19,2,8,Medium,Meat,9,5.83,1.08,Frozen,2.93,Not_eaten,0.18524871355060035,1,16,0.36625
2024-04-05,5,1,Medium,Vegetables,12,6.71,6.71,Refrigerated,2.19,Expired,1.0,1,5,2.19
2024-07-03,4,1,Low,Snacks,7,7.82,3.21,Refrigerated,0.15,Expired,0.4104859335038363,1,4,0.15
2024-07-12,4,5,High,Grains,4,8.25,5.61,Room_Temperature,1.3,Expired,0.68,1,20,0.26
2024-10-24,1,8,Low,Snacks,4,0.54,0.11,Frozen,1.24,Not_eaten,0.2037037037037037,1,8,0.155
2024-05-26,2,8,High,Grains,8,3.3,2.52,Frozen,2.18,Spoiled,0.7636363636363637,1,16,0.2725
2024-05-30,1,2,Low,Fruits,5,9.17,6.73,Refrigerated,2.21,Spoiled,0.7339149400218103,1,2,1.105
2024-08-23,2,6,High,Fruits,6,6.74,5.0,Room_Temperature,2.83,Overcooked,0.7418397626112759,1,12,0.4716666666666667
2024-12-03,1,9,Low,Snacks,8,6.02,0.19,Frozen,2.63,Not_eaten,0.03156146179401994,1,9,0.2922222222222222
2025-01-20,4,7,High,Vegetables,7,4.57,0.13,Refrigerated,1.67,Overcooked,0.028446389496717725,1,28,0.23857142857142857
2024-04-07,3,3,High,Snacks,11,5.98,1.02,Frozen,2.11,Overcooked,0.1705685618729097,1,9,0.7033333333333333
2025-02-08,4,2,Low,Fruits,5,6.12,1.52,Frozen,0.45,Expired,0.24836601307189543,1,8,0.225
2024-07-09,3,4,High,Dairy,3,2.18,1.39,Frozen,0.83,Expired,0.6376146788990825,1,12,0.2075
2024-12-26,2,5,Medium,Grains,3,7.54,5.14,Frozen,1.73,Expired,0.6816976127320954,1,10,0.346
2024-12-05,3,8,Medium,Meat,6,8.6,3.28,Refrigerated,1.83,Expired,0.38139534883720927,1,24,0.22875
2024-08-26,4,2,High,Fruits,8,7.68,4.39,Frozen,0.84,Expired,0.5716145833333333,1,8,0.42
2024-05-16,2,3,High,Dairy,9,6.72,0.29,Room_Temperature,1.75,Spoiled,0.043154761904761904,1,6,0.5833333333333334
2024-10-04,2,1,Low,Grains,12,3.03,0.34,Room_Temperature,0.52,Spoiled,0.11221122112211222,1,2,0.52
2025-02-13,1,5,High,Fruits,7,7.26,7.14,Frozen,0.81,Spoiled,0.9834710743801652,1,5,0.162
2025-03-05,1,2,Low,Snacks,7,8.59,3.67,Room_Temperature,0.58,Not_eaten,0.42724097788125726,1,2,0.29
2024-11-06,4,1,Low,Snacks,5,3.39,3.07,Refrigerated,0.73,Not_eaten,0.9056047197640117,1,4,0.73
2024-12-14,1,9,Medium,Dairy,12,7.6,1.5,Room_Temperature,1.77,Expired,0.19736842105263158,1,9,0.19666666666666666
2024-10-14,4,6,Medium,Dairy,9,6.82,5.64,Frozen,0.1,Not_eaten,0.8269794721407624,1,24,0.016666666666666666
2024-06-13,5,7,Low,Fruits,3,9.99,8.63,Room_Temperature,0.03,Spoiled,0.8638638638638639,1,35,0.004285714285714286
2024-08-24,2,6,High,Grains,7,5.59,0.39,Refrigerated,2.89,Not_eaten,0.06976744186046512,1,12,0.4816666666666667
2024-11-19,2,9,Low,Snacks,1,4.82,4.0,Frozen,1.66,Spoiled,0.8298755186721991,1,18,0.18444444444444444
2025-01-05,5,1,High,Vegetables,12,6.9,2.97,Room_Temperature,0.65,Expired,0.43043478260869567,1,5,0.65
2024-06-18,1,7,High,Dairy,4,9.72,3.95,Room_Temperature,2.1,Overcooked,0.4063786008230453,1,7,0.3
2024-06-14,4,5,High,Grains,9,9.26,2.79,Frozen,2.63,Expired,0.30129589632829373,1,20,0.526
2024-04-17,5,9,Medium,Grains,1,6.84,0.64,Frozen,1.21,Expired,0.09356725146198831,1,45,0.13444444444444445
2024-09-03,2,6,Medium,Meat,6,7.94,3.96,Room_Temperature,1.44,Expired,0.49874055415617125,1,12,0.24
2024-08-12,1,8,Medium,Snacks,12,9.28,4.24,Frozen,1.12,Spoiled,0.456896551724138,1,8,0.14
2024-05-06,5,2,High,Fruits,9,5.61,3.92,Refrigerated,1.57,Overcooked,0.6987522281639929,1,10,0.785
2024-07-31,2,8,High,Grains,2,5.88,1.48,Refrigerated,2.21,Not_eaten,0.25170068027210885,1,16,0.27625
2024-08-18,5,1,Medium,Dairy,5,9.11,1.86,Frozen,2.77,Overcooked,0.20417124039517018,1,5,2.77
2024-09-02,5,5,High,Fruits,1,5.34,4.14,Frozen,1.8,Not_eaten,0.7752808988764045,1,25,0.36
2024-07-12,2,9,High,Vegetables,4,5.49,4.42,Refrigerated,0.48,Spoiled,0.8051001821493624,1,18,0.05333333333333333
2024-08-19,5,5,Low,Meat,8,8.63,2.32,Room_Temperature,2.75,Spoiled,0.26882966396292,1,25,0.55
2024-08-20,4,7,High,Dairy,2,7.06,6.13,Frozen,1.35,Overcooked,0.868271954674221,1,28,0.19285714285714287
2024-11-01,1,7,Low,Dairy,13,7.91,4.47,Room_Temperature,0.81,Expired,0.5651074589127686,1,7,0.11571428571428573
2024-06-01,3,5,Low,Dairy,1,3.8,1.41,Room_Temperature,1.53,Overcooked,0.37105263157894736,1,15,0.306
2024-12-04,3,8,Medium,Grains,2,7.42,6.98,Room_Temperature,1.36,Spoiled,0.940700808625337,1,24,0.17
2024-07-25,2,6,Medium,Grains,13,6.03,5.31,Refrigerated,1.84,Not_eaten,0.880597014925373,1,12,0.3066666666666667
2024-10-11,3,5,Medium,Vegetables,7,4.7,4.53,Room_Temperature,1.37,Spoiled,0.9638297872340426,1,15,0.274
2024-06-16,1,3,Medium,Vegetables,7,1.81,1.12,Room_Temperature,1.83,Overcooked,0.6187845303867404,1,3,0.61
2024-06-10,2,8,Medium,Snacks,5,8.25,0.45,Room_Temperature,0.77,Overcooked,0.05454545454545455,1,16,0.09625
2024-11-08,2,8,Medium,Dairy,4,6.0,5.03,Room_Temperature,1.32,Not_eaten,0.8383333333333334,1,16,0.165
2024-10-11,3,7,Medium,Dairy,8,4.83,3.84,Refrigerated,2.81,Overcooked,0.7950310559006211,1,21,0.4014285714285714
2025-01-25,4,4,High,Grains,6,4.31,1.48,Room_Temperature,1.37,Spoiled,0.34338747099767986,1,16,0.3425
2024-03-26,4,4,Medium,Grains,4,6.65,0.65,Frozen,1.39,Overcooked,0.09774436090225563,1,16,0.3475
2024-07-06,5,2,High,Snacks,9,5.36,0.24,Room_Temperature,0.78,Overcooked,0.04477611940298507,1,10,0.39
2024-06-18,5,8,High,Meat,11,7.84,0.21,Frozen,0.11,Overcooked,0.026785714285714284,1,40,0.01375
2024-12-31,4,4,High,Fruits,9,7.88,2.52,Frozen,1.0,Spoiled,0.3197969543147208,1,16,0.25
2024-03-29,2,6,Medium,Meat,2,7.98,3.26,Refrigerated,2.13,Spoiled,0.40852130325814534,1,12,0.355
2024-06-13,3,6,Low,Fruits,13,6.11,0.79,Frozen,0.59,Expired,0.1292962356792144,1,18,0.09833333333333333
2024-07-06,3,5,Medium,Meat,5,5.96,0.2,Frozen,0.59,Expired,0.03355704697986577,1,15,0.118
2024-08-01,5,2,High,Meat,13,6.77,4.72,Room_Temperature,1.3,Overcooked,0.6971935007385525,1,10,0.65
2024-10-30,5,2,Low,Grains,1,7.82,6.15,Refrigerated,2.49,Spoiled,0.7864450127877238,1,10,1.245
2024-08-11,2,1,Medium,Meat,6,9.18,5.95,Refrigerated,1.78,Overcooked,0.6481481481481481,1,2,1.78
2024-11-30,4,5,Medium,Dairy,2,5.02,1.17,Refrigerated,1.13,Spoiled,0.23306772908366535,1,20,0.22599999999999998
2024-09-07,4,7,Medium,Vegetables,1,8.71,6.63,Frozen,0.9,Overcooked,0.7611940298507461,1,28,0.1285714285714286
2025-01-11,1,8,Medium,Grains,10,7.25,3.34,Frozen,2.74,Spoiled,0.4606896551724138,1,8,0.3425
2024-03-24,1,3,Low,Vegetables,6,9.17,2.65,Frozen,0.01,Spoiled,0.2889858233369684,1,3,0.0033333333333333335
2025-01-23,1,6,Low,Grains,1,7.55,3.99,Refrigerated,1.82,Spoiled,0.528476821192053,1,6,0.30333333333333334
2024-12-23,2,2,Low,Grains,4,9.21,6.39,Frozen,2.83,Expired,0.6938110749185666,1,4,1.415
2024-09-12,3,1,High,Vegetables,2,4.64,1.99,Frozen,2.74,Not_eaten,0.4288793103448276,1,3,2.74
2024-09-07,5,6,High,Fruits,5,7.95,6.87,Room_Temperature,0.62,Not_eaten,0.8641509433962264,1,30,0.10333333333333333
2025-03-16,5,8,Medium,Dairy,5,5.03,0.61,Room_Temperature,2.52,Not_eaten,0.12127236580516898,1,40,0.315
2024-04-23,5,5,High,Snacks,11,4.89,0.66,Refrigerated,0.84,Spoiled,0.13496932515337426,1,25,0.16799999999999998
2024-08-14,5,2,Medium,Snacks,10,7.84,3.54,Refrigerated,1.42,Overcooked,0.451530612244898,1,10,0.71
2024-06-27,3,8,High,Fruits,9,6.8,1.56,Room_Temperature,0.52,Overcooked,0.22941176470588237,1,24,0.065
2024-04-01,3,1,High,Snacks,12,6.94,4.79,Room_Temperature,2.62,Expired,0.6902017291066282,1,3,2.62
2024-10-12,3,8,Medium,Meat,1,8.63,7.1,Frozen,2.09,Spoiled,0.8227114716106604,1,24,0.26125
2024-09-15,5,2,Medium,Vegetables,6,1.36,0.85,Frozen,2.79,Spoiled,0.6249999999999999,1,10,1.395
2025-02-07,3,2,Low,Vegetables,8,6.67,2.21,Frozen,2.88,Spoiled,0.3313343328335832,1,6,1.44
2024-08-17,5,9,Medium,Vegetables,10,5.94,2.14,Refrigerated,1.57,Expired,0.36026936026936024,1,45,0.17444444444444446
2024-07-06,3,9,Low,Fruits,1,7.36,6.86,Refrigerated,2.1,Spoiled,0.9320652173913043,1,27,0.23333333333333334
2024-06-22,2,5,Low,Fruits,1,6.91,2.91,Refrigerated,0.57,Expired,0.4211287988422576,1,10,0.11399999999999999
2024-06-13,4,1,High,Vegetables,9,7.68,2.64,Room_Temperature,2.85,Overcooked,0.34375000000000006,1,4,2.85
2024-04-07,1,2,Low,Dairy,10,4.99,2.17,Room_Temperature,0.37,Expired,0.4348697394789579,1,2,0.185
2024-04-10,4,3,Medium,Fruits,12,5.8,3.35,Room_Temperature,1.53,Expired,0.5775862068965517,1,12,0.51
2024-11-11,3,7,Medium,Vegetables,7,9.17,5.8,Frozen,0.61,Expired,0.6324972737186477,1,21,0.08714285714285715
2025-03-03,3,3,High,Snacks,5,4.82,2.84,Refrigerated,2.7,Not_eaten,0.5892116182572613,1,9,0.9
2024-05-04,1,9,Medium,Meat,11,7.39,4.84,Room_Temperature,0.29,Overcooked,0.6549391069012178,1,9,0.03222222222222222
2024-08-30,4,4,Low,Snacks,12,8.3,3.19,Refrigerated,2.19,Spoiled,0.38433734939759034,1,16,0.5475
2024-11-11,3,3,Low,Snacks,6,7.73,1.75,Refrigerated,1.99,Not_eaten,0.22639068564036222,1,9,0.6633333333333333
2024-06-25,1,8,High,Dairy,4,9.61,3.58,Frozen,2.62,Not_eaten,0.372528616024974,1,8,0.3275
2024-11-06,1,2,High,Snacks,8,1.99,0.47,Refrigerated,1.49,Overcooked,0.23618090452261306,1,2,0.745
2024-06-10,2,8,Low,Vegetables,2,7.33,3.55,Frozen,2.53,Overcooked,0.48431105047748974,1,16,0.31625
2024-12-25,5,1,High,Fruits,11,4.19,3.27,Room_Temperature,2.55,Expired,0.7804295942720763,1,5,2.55
2024-08-29,5,7,Low,Vegetables,1,5.55,1.01,Refrigerated,2.91,Spoiled,0.18198198198198198,1,35,0.41571428571428576
2025-01-08,4,6,High,Snacks,11,9.76,5.0,Frozen,1.07,Spoiled,0.5122950819672131,1,24,0.17833333333333334
2024-11-13,2,1,High,Fruits,8,3.4,1.94,Refrigerated,2.83,Not_eaten,0.5705882352941176,1,2,2.83
2024-04-24,2,9,High,Grains,8,5.91,0.59,Frozen,1.4,Not_eaten,0.09983079526226733,1,18,0.15555555555555556
2024-10-08,2,7,Medium,Dairy,7,7.85,3.34,Room_Temperature,0.06,Overcooked,0.42547770700636944,1,14,0.008571428571428572
2025-02-06,3,2,Low,Fruits,4,3.4,0.68,Refrigerated,0.56,Overcooked,0.2,1,6,0.28
2024-11-27,3,2,High,Meat,13,9.68,1.44,Frozen,2.37,Expired,0.1487603305785124,1,6,1.185
2024-05-07,5,1,Low,Dairy,8,3.56,2.33,Room_Temperature,1.16,Not_eaten,0.6544943820224719,1,5,1.16
2024-12-08,3,1,High,Meat,5,7.47,4.5,Room_Temperature,0.44,Spoiled,0.6024096385542169,1,3,0.44
2024-09-28,2,6,High,Fruits,5,7.35,7.14,Frozen,1.78,Overcooked,0.9714285714285714,1,12,0.2966666666666667
2024-11-24,1,8,High,Meat,10,7.53,5.11,Refrigerated,2.67,Spoiled,0.6786188579017265,1,8,0.33375
2024-09-23,2,7,Low,Meat,1,9.03,5.11,Refrigerated,1.7,Not_eaten,0.5658914728682172,1,14,0.24285714285714285
2025-02-08,3,6,Medium,Dairy,2,4.01,1.06,Room_Temperature,0.99,Expired,0.26433915211970077,1,18,0.165
2024-12-18,5,6,High,Vegetables,11,8.79,2.3,Frozen,0.17,Spoiled,0.2616609783845279,1,30,0.028333333333333335
2024-07-09,5,1,Low,Dairy,1,7.43,4.54,Frozen,2.82,Overcooked,0.6110363391655451,1,5,2.82
2024-10-08,2,7,Low,Meat,2,3.76,2.47,Room_Temperature,1.67,Overcooked,0.6569148936170214,1,14,0.23857142857142857
2025-01-03,4,5,High,Fruits,2,8.77,1.17,Frozen,0.18,Overcooked,0.13340935005701254,1,20,0.036
2024-08-18,5,7,High,Snacks,4,7.59,2.64,Frozen,2.09,Spoiled,0.3478260869565218,1,35,0.29857142857142854
2024-11-24,1,2,Medium,Dairy,8,4.93,3.51,Room_Temperature,1.37,Expired,0.7119675456389453,1,2,0.685
2025-01-20,2,8,Medium,Vegetables,6,8.42,6.86,Room_Temperature,0.83,Overcooked,0.8147268408551069,1,16,0.10375
2024-08-14,5,2,Low,Grains,3,2.61,1.91,Frozen,1.03,Not_eaten,0.7318007662835249,1,10,0.515
2024-06-21,5,1,Medium,Meat,7,8.7,2.51,Room_Temperature,0.19,Not_eaten,0.2885057471264368,1,5,0.19
2024-10-28,5,5,Low,Snacks,10,4.2,2.42,Room_Temperature,2.81,Expired,0.5761904761904761,1,25,0.562
2024-04-13,2,9,High,Grains,8,8.78,0.5,Frozen,2.63,Not_eaten,0.056947608200455586,1,18,0.2922222222222222
2024-07-02,2,3,High,Grains,2,8.18,3.56,Room_Temperature,0.56,Not_eaten,0.4352078239608802,1,6,0.18666666666666668
2025-03-13,3,5,Medium,Grains,5,9.85,7.19,Room_Temperature,1.43,Spoiled,0.7299492385786802,1,15,0.286
2024-07-25,4,3,Medium,Dairy,4,9.83,3.56,Frozen,1.06,Overcooked,0.3621566632756867,1,12,0.35333333333333333
2024-10-11,5,3,Medium,Dairy,1,6.76,2.66,Room_Temperature,1.66,Not_eaten,0.39349112426035504,1,15,0.5533333333333333
2024-11-05,1,1,High,Meat,5,9.6,2.63,Frozen,1.38,Not_eaten,0.27395833333333336,1,1,1.38
2024-07-21,1,2,High,Vegetables,7,5.07,3.12,Room_Temperature,2.88,Spoiled,0.6153846153846154,1,2,1.44
2024-11-05,5,9,High,Snacks,9,7.62,6.46,Frozen,0.35,Not_eaten,0.847769028871391,1,45,0.03888888888888889
2025-03-13,5,2,Low,Meat,2,5.01,3.14,Frozen,2.55,Not_eaten,0.626746506986028,1,10,1.275
2025-03-02,3,3,Medium,Vegetables,10,8.07,7.43,Refrigerated,1.69,Not_eaten,0.9206939281288723,1,9,0.5633333333333334
2024-04-28,4,2,High,Fruits,6,3.45,2.36,Room_Temperature,0.82,Overcooked,0.6840579710144927,1,8,0.41
2024-08-26,4,3,Low,Grains,11,8.5,3.85,Room_Temperature,1.82,Not_eaten,0.45294117647058824,1,12,0.6066666666666667
2024-10-31,1,7,Medium,Snacks,6,4.17,3.12,Refrigerated,1.34,Spoiled,0.7482014388489209,1,7,0.19142857142857145
2024-04-07,5,6,Low,Fruits,2,5.23,1.29,Frozen,2.74,Overcooked,0.24665391969407263,1,30,0.4566666666666667
2024-04-14,5,2,Medium,Snacks,6,1.53,1.19,Frozen,0.9,Overcooked,0.7777777777777777,1,10,0.45
2024-07-12,4,9,Medium,Meat,8,8.48,7.14,Frozen,1.03,Spoiled,0.8419811320754716,1,36,0.11444444444444445
